{"20th_percentile_income": {"min": 5756.0, "max": 64399.0}, "80th_percentile_income": {"min": 48123.0, "max": 236506.0}, "age_adjusted_death_rate": {"min": 127.7658354, "max": 1216.8000638}, "age_adjusted_mortality_aian": {"min": 114.14333127, "max": 1584.75171}, "age_adjusted_mortality_asian": {"min": 70.052693906, "max": 451.54350454}, "age_adjusted_mortality_black": {"min": 167.21172303, "max": 130727.60140999999}, "age_adjusted_mortality_hispanic": {"min": 100.26652426, "max": 746.01900941}, "age_adjusted_mortality_white": {"min": 134.73380637, "max": 1330.9943739}, "average_daily_pm2_5": {"min": 3.0, "max": 19.7}, "average_grade_performance": {"min": 1.7481404794, "max": 3.8563738697}, "average_grade_performance_asian": {"min": 2.1667499445, "max": 4.503373606}, "average_grade_performance_black": {"min": 1.8462776644999999, "max": 3.9886001647000002}, "average_grade_performance_hispanic": {"min": 1.7642964294999999, "max": 3.5853834911}, "average_grade_performance_white": {"min": 2.2361792369, "max": 4.0524346817}, "average_number_of_mentally_unhealthy_days": {"min": 2.5328176099, "max": 6.3137530701}, "average_number_of_physically_unhealthy_days": {"min": 2.44905381, "max": 7.0623101147000025}, "average_traffic_volume_per_meter_of_major_roadways": {"min": 0.0, "max": 4496.4113693}, "case_fatality_ratio": {"min": 0.05820721769499417, "max": 87.54285714285713}, "child_mortality_rate": {"min": 16.566792574, "max": 227.83195115}, "child_mortality_rate_aian": {"min": 51.98005506, "max": 292.24686264}, "child_mortality_rate_asian": {"min": 17.200478747000002, "max": 143.56564866}, "child_mortality_rate_black": {"min": 32.907365765, "max": 314.30068098}, "child_mortality_rate_hispanic": {"min": 17.997264416, "max": 108.49517196}, "child_mortality_rate_white": {"min": 14.049305669, "max": 154.83471394}, "cohort_size": {"min": 10.0, "max": 122987.0}, "drug_overdose_mortality_rate": {"min": 3.4543748882, "max": 125.62946697}, "drug_overdose_mortality_rate_aian": {"min": 10.198462072, "max": 171.50557393}, "drug_overdose_mortality_rate_asian": {"min": 1.7801935664, "max": 12.701315855999999}, "drug_overdose_mortality_rate_black": {"min": 2.8718302174, "max": 133.74944271}, "drug_overdose_mortality_rate_hispanic": {"min": 2.8992128198000002, "max": 61.077405432}, "drug_overdose_mortality_rate_white": {"min": 8.3412442753, "max": 128.592604}, "ep_age17": {"min": 1.1, "max": 40.3}, "ep_age65": {"min": 3.9, "max": 53.1}, "ep_crowd": {"min": 0.0, "max": 51.4}, "ep_disabl": {"min": 4.7, "max": 36.9}, "ep_groupq": {"min": 0.0, "max": 59.3}, "ep_minrty": {"min": 0.0, "max": 99.2}, "ep_mobile": {"min": 0.0, "max": 63.1}, "ep_munit": {"min": 0.0, "max": 89.6}, "ep_nohsdp": {"min": 1.3, "max": 51.5}, "ep_noveh": {"min": 0.0, "max": 87.0}, "ep_pci": {"min": 9286.0, "max": 66522.0}, "ep_pov": {"min": 1.8, "max": 53.9}, "ep_sngpnt": {"min": 0.0, "max": 26.4}, "firearm_fatalities_rate": {"min": 1.6062403899000002, "max": 63.908757958}, "firearm_fatalities_rate_aian": {"min": 7.52356488, "max": 52.837620386000005}, "firearm_fatalities_rate_asian": {"min": 0.5095827027000001, "max": 16.360364291}, "firearm_fatalities_rate_black": {"min": 3.1691022750999998, "max": 83.090984628}, "firearm_fatalities_rate_hispanic": {"min": 1.0912815003, "max": 23.210607248000002}, "firearm_fatalities_rate_white": {"min": 0.8652830620999999, "max": 55.395816296999996}, "food_environment_index": {"min": 0.0, "max": 10.0}, "high_school_graduation_rate": {"min": 25.64, "max": 100.0}, "homicide_rate": {"min": 0.5445723903, "max": 39.194837956}, "homicide_rate_aian": {"min": 5.1337864756, "max": 28.964271719}, "homicide_rate_asian": {"min": 0.8680168048000001, "max": 8.8082107843}, "homicide_rate_black": {"min": 2.5462224244, "max": 73.240955123}, "homicide_rate_hispanic": {"min": 1.4534625515000001, "max": 18.140231879}, "homicide_rate_white": {"min": 0.5454931267, "max": 12.430080795999999}, "household_income_aian": {"min": 6705.0, "max": 217875.0}, "household_income_asian": {"min": 6125.0, "max": 243696.0}, "household_income_black": {"min": 7917.0, "max": 208235.0}, "household_income_hispanic": {"min": 5903.0, "max": 208112.0}, "household_income_white": {"min": 23750.0, "max": 158778.0}, "inadequate_facilities": {"min": 0.0, "max": 37.373737374}, "incidence_rate": {"min": 83.51353366639326, "max": 17037.77641277641}, "income_ratio": {"min": 2.5431287456000002, "max": 11.970639333}, "infant_mortality_rate": {"min": 2.5967048711, "max": 28.86002886}, "infant_mortality_rate_aian": {"min": 6.1218243036, "max": 13.929193267999999}, "infant_mortality_rate_asian": {"min": 1.3793103448, "max": 16.522423289000002}, "infant_mortality_rate_black": {"min": 3.9306771485, "max": 25.541795666}, "infant_mortality_rate_hispanic": {"min": 2.3763003644, "max": 10.968049595}, "infant_mortality_rate_white": {"min": 1.8464063462, "max": 11.261911637}, "injury_death_rate": {"min": 22.301240197, "max": 319.86042454}, "injury_death_rate_aian": {"min": 20.79823631, "max": 376.64783427}, "injury_death_rate_asian": {"min": 9.1778330302, "max": 89.474540426}, "injury_death_rate_black": {"min": 19.535065442, "max": 299.72752044}, "injury_death_rate_hispanic": {"min": 14.184128905, "max": 204.66901183}, "injury_death_rate_white": {"min": 32.558385799, "max": 227.76787483}, "juvenile_arrest_rate": {"min": 0.0, "max": 173.33333333}, "labor_force": {"min": 102.0, "max": 5136341.0}, "life_expectancy": {"min": 61.62562897300001, "max": 104.74014539}, "life_expectancy_aian": {"min": 58.359880483999994, "max": 157.94288581}, "life_expectancy_asian": {"min": 74.488153689, "max": 115.61485253}, "life_expectancy_black": {"min": 63.446181806999995, "max": 101.40945388}, "life_expectancy_hispanic": {"min": 70.220691374, "max": 119.74776257}, "life_expectancy_white": {"min": 61.898419378, "max": 126.88500778}, "median_household_income": {"min": 25385.0, "max": 140382.0}, "mental_health_provider_rate": {"min": 0.0, "max": 2212.3408}, "mv_mortality_rate_aian": {"min": 10.267572951, "max": 166.55236602}, "mv_mortality_rate_asian": {"min": 1.5368336769, "max": 14.390145627999999}, "mv_mortality_rate_black": {"min": 2.8857187477, "max": 59.593531019}, "mv_mortality_rate_hispanic": {"min": 2.6927196266, "max": 51.324163416000005}, "mv_mortality_rate_white": {"min": 2.1399393066999997, "max": 83.280262578}, "non_petitioned_cases": {"min": 0, "max": 0}, "num_alcohol_impaired_driving_deaths_per_100k": {"min": 0.0, "max": 2631.578947368421}, "num_american_indian_alaska_native_per_100k": {"min": 0.0, "max": 92515.20022363547}, "num_asian_per_100k": {"min": 0.0, "max": 43357.041251778086}, "num_associations_per_100k": {"min": 0.0, "max": 516.6931637519873}, "num_chlamydia_cases_per_100k": {"min": 36.53134846340015, "max": 6078.224101479916}, "num_deaths_per_100k": {"min": 396.9061673112152, "max": 3480.589022757698}, "num_dentists_per_100k": {"min": 0.0, "max": 711.3440658929239}, "num_drug_overdose_deaths_per_100k": {"min": 10.277860218791393, "max": 382.94859692782967}, "num_food_insecure_per_100k": {"min": 3089.590758264717, "max": 38136.78581480439}, "num_hiv_cases_per_100k": {"min": 0.0, "max": 2063.477375774961}, "num_homeowners_per_100k": {"min": 2272.727272727273, "max": 45243.729294841454}, "num_households_per_100k": {"min": 6787.361946036628, "max": 39804.88979886788}, "num_limited_access_per_100k": {"min": 0.0, "max": 75344.98231103287}, "num_motor_vehicle_deaths_per_100k": {"min": 18.10366241300769, "max": 552.1000768746943}, "num_rural_per_100k": {"min": 0.0, "max": 121222.34720659914}, "num_some_college_per_100k": {"min": 3149.1136600625646, "max": 36941.15467684963}, "other_primary_care_provider_rate": {"min": 0.0, "max": 1557.01754}, "percent_adults_with_diabetes": {"min": 1.8, "max": 34.1}, "percent_adults_with_obesity": {"min": 12.4, "max": 57.7}, "percent_american_indian_alaska_native": {"min": 0.0, "max": 92.515200224}, "percent_asian": {"min": 0.0, "max": 43.357041251999995}, "percent_black": {"min": 0.0,